id	name	ext	width	height
0-days-without-lenny-simpsons	0 days without (Lenny, Simpsons)	jpg	619	403
absolute-cinema	Absolute Cinema	jpg	936	725
always-has-been	Always Has Been	jpg	960	540
anakin-padme-4-panel	Anakin Padme 4 Panel	jpg	768	768
ancient-aliens	Ancient Aliens	jpg	500	436
batman-slapping-robin	Batman Slapping Robin	jpg	400	387
bell-curve	Bell Curve	jpg	675	499
bernie-i-am-once-again-asking-for-your-support	Bernie I Am Once Again Asking For Your Support	jpg	750	750
bernie-sanders-once-again-asking	Bernie Sanders Once Again Asking	jpg	926	688
bike-fall	Bike Fall	jpg	500	680
buff-doge-vs-cheems	Buff Doge vs. Cheems	jpg	937	720
change-my-mind	Change My Mind	jpg	482	361
clown-applying-makeup	Clown Applying Makeup	jpg	750	798
disaster-girl	Disaster Girl	jpg	500	375
distracted-boyfriend	Distracted Boyfriend	jpg	1200	800
drake-hotline-bling	Drake Hotline Bling	jpg	1200	1200
epic-handshake	Epic Handshake	jpg	900	645
expanding-brain	Expanding Brain	jpg	857	1202
friendship-ended	Friendship ended	jpg	800	600
george-bush-911	George Bush 911	jpg	300	180
gru-s-plan	Gru's Plan	jpg	700	449
hackerman	Hackerman	png	860	771
i-bet-he-s-thinking-about-other-women	I Bet He's Thinking About Other Women	jpg	1654	930
is-this-a-pigeon	Is This A Pigeon	jpg	1587	1425
left-exit-12-off-ramp	Left Exit 12 Off Ramp	jpg	804	767
marked-safe-from	Marked Safe From	jpg	618	499
megamind-peeking	Megamind peeking	jpg	540	540
mocking-spongebob	Mocking Spongebob	jpg	502	353
monkey-puppet	Monkey Puppet	jpg	923	768
mother-ignoring-kid-drowning-in-a-pool	Mother Ignoring Kid Drowning In A Pool	jpg	782	1032
one-does-not-simply	One Does Not Simply	jpg	568	335
oprah-you-get-a	Oprah You Get A	jpg	620	464
pawn-stars-best-i-can-do	Pawn Stars Best I Can Do	jpg	624	352
roll-safe-think-about-it	Roll Safe Think About It	jpg	702	395
running-away-balloon	Running Away Balloon	jpg	761	1024
sad-pablo-escobar	Sad Pablo Escobar	jpg	720	709
soldier-protecting-sleeping-child	Soldier protecting sleeping child	jpg	540	440
squidward-window	Squidward window	jpg	598	420
they-don-t-know	They don't know	jpg	671	673
they-re-the-same-picture	They're The Same Picture	jpg	1363	1524
this-is-fine	This Is Fine	jpg	580	282
this-is-where-i-d-put-my-trophy-if-i-had-one	This Is Where I'd Put My Trophy If I Had One	jpg	300	418
trade-offer	Trade Offer	jpg	607	794
tuxedo-winnie-the-pooh	Tuxedo Winnie The Pooh	jpg	800	582
two-buttons	Two Buttons	jpg	600	908
uno-draw-25-cards	UNO Draw 25 Cards	jpg	500	494
waiting-skeleton	Waiting Skeleton	jpg	298	403
woman-yelling-at-cat	Woman Yelling At Cat	jpg	680	438
x-x-everywhere	X, X Everywhere	jpg	2118	1440
y-all-got-any-more-of-that	Y'all Got Any More Of That	jpg	600	471
you-guys-are-getting-paid	You Guys are Getting Paid	jpg	520	358
